id,first_name,last_name,email,country,ip_address
1,Terry,Howard,thoward0@free.fr,Russia,80.93.111.173
2,Todd,Garza,tgarza1@epa.gov,Peru,169.212.208.225
3,Julia,Howell,jhowell2@bbc.co.uk,China,204.128.153.116
4,Stephen,Dean,sdean3@quantcast.com,New Zealand,119.40.241.151
5,Carolyn,Morrison,cmorrison4@bbc.co.uk,Malaysia,189.176.245.11
6,Lawrence,Baker,lbaker5@nature.com,China,209.139.109.63
7,Gary,Kennedy,gkennedy6@soup.io,Russia,136.106.100.247
8,Sean,Gibson,sgibson7@bing.com,Philippines,162.230.255.32
9,Brandon,Harvey,bharvey8@nps.gov,Indonesia,3.47.107.178
10,Sandra,Carpenter,scarpenter9@themeforest.net,Mongolia,219.116.90.244
11,Jeremy,Wagner,jwagnera@disqus.com,Russia,150.218.243.160
12,Samuel,Alexander,salexanderb@illinois.edu,United States,242.110.160.251
13,Lisa,Taylor,ltaylorc@so-net.ne.jp,Portugal,44.33.251.146
14,Christina,Cook,ccookd@virginia.edu,Sweden,92.176.17.96
15,Donald,Payne,dpaynee@instagram.com,Czech Republic,39.229.122.185
16,Paula,Romero,promerof@miibeian.gov.cn,Iraq,142.176.173.8
17,Martha,Ferguson,mfergusong@yellowbook.com,Indonesia,125.229.141.163
18,Antonio,Ruiz,aruizh@wikimedia.org,China,149.161.99.14
19,Steve,Watson,swatsoni@youku.com,South Africa,93.230.69.107
20,Doris,Matthews,dmatthewsj@craigslist.org,Nigeria,224.73.183.120
21,Patrick,Campbell,pcampbellk@amazon.com,Saudi Arabia,161.186.232.9
22,Karen,Hayes,khayesl@un.org,China,42.250.142.216
23,Marilyn,Washington,mwashingtonm@newyorker.com,Albania,147.56.18.88
24,Jack,Hayes,jhayesn@homestead.com,United States,2.28.204.38
25,Debra,Owens,dowenso@mashable.com,France,110.97.212.121
26,Theresa,Henry,thenryp@howstuffworks.com,China,202.189.86.209
27,Sharon,Gordon,sgordonq@blinklist.com,Philippines,135.54.188.177
28,Judith,Graham,jgrahamr@phoca.cz,Indonesia,33.139.75.10
29,Donna,Little,dlittles@dagondesign.com,Indonesia,15.37.75.126
30,Michael,Gibson,mgibsont@census.gov,Brazil,133.14.87.125
31,Bruce,Romero,bromerou@google.co.jp,Peru,236.226.58.238
32,Raymond,Johnston,rjohnstonv@japanpost.jp,France,32.159.232.196
33,Michelle,Austin,maustinw@google.co.uk,Colombia,89.49.140.58
34,Michelle,Sims,msimsx@columbia.edu,Russia,214.71.41.160
35,Tammy,Peters,tpetersy@themeforest.net,Indonesia,115.156.150.120
36,Harry,Davis,hdavisz@nytimes.com,France,18.120.89.4
37,Walter,Carpenter,wcarpenter10@multiply.com,South Africa,236.108.152.28
38,Gerald,Torres,gtorres11@tumblr.com,Portugal,93.85.169.91
39,Barbara,Miller,bmiller12@blinklist.com,France,248.175.38.30
40,Terry,Hill,thill13@nytimes.com,China,58.142.58.73
41,Frances,Wagner,fwagner14@webeden.co.uk,United States,15.168.146.152
42,Debra,Washington,dwashington15@ihg.com,China,130.144.76.142
43,Lawrence,Coleman,lcoleman16@webeden.co.uk,Indonesia,246.52.222.181
44,Shawn,Cole,scole17@eventbrite.com,Japan,32.255.154.102
45,Jennifer,Collins,jcollins18@mlb.com,Uzbekistan,92.117.24.223
46,Kevin,Garza,kgarza19@taobao.com,Brazil,129.95.235.38
47,Ryan,Daniels,rdaniels1a@ed.gov,China,93.65.85.80
48,Lori,Little,llittle1b@barnesandnoble.com,Russia,219.149.240.71
49,Kathy,Powell,kpowell1c@cbsnews.com,Nigeria,117.251.130.40
50,Kelly,Hernandez,khernandez1d@blogs.com,Bangladesh,177.5.76.203
51,Louis,Berry,lberry1e@irs.gov,China,42.176.29.244
52,Samuel,Bryant,sbryant1f@senate.gov,China,163.0.181.135
53,Steven,Ruiz,sruiz1g@taobao.com,Armenia,249.162.161.44
54,Andrea,Carpenter,acarpenter1h@tripod.com,Panama,185.66.24.145
55,Edward,Fisher,efisher1i@usa.gov,Japan,56.62.13.134
56,Russell,Mitchell,rmitchell1j@wp.com,Nigeria,228.46.0.242
57,Jimmy,Armstrong,jarmstrong1k@eventbrite.com,China,246.198.122.209
58,Julie,Clark,jclark1l@unicef.org,United Kingdom,127.92.154.66
59,Nicholas,Baker,nbaker1m@thetimes.co.uk,Philippines,195.143.7.89
60,Thomas,Cook,tcook1n@linkedin.com,United States,207.178.29.155
61,Katherine,Simmons,ksimmons1o@slashdot.org,Indonesia,23.56.243.7
62,Sean,Perkins,sperkins1p@tiny.cc,Indonesia,120.106.16.237
63,Shirley,Burns,sburns1q@samsung.com,Russia,114.138.106.201
64,Ronald,Wilson,rwilson1r@etsy.com,Brazil,3.252.222.140
65,Kathy,Williams,kwilliams1s@themeforest.net,Indonesia,50.214.214.173
66,Chris,Adams,cadams1t@buzzfeed.com,Micronesia,217.94.237.72
67,Carolyn,Morris,cmorris1u@elpais.com,China,118.32.118.92
68,Lois,Welch,lwelch1v@blogtalkradio.com,North Korea,2.136.148.110
69,Christopher,Perkins,cperkins1w@cdbaby.com,Lithuania,24.129.30.221
70,Lois,Shaw,lshaw1x@noaa.gov,Philippines,25.24.167.216
71,Julia,Nichols,jnichols1y@skyrock.com,China,224.2.29.22
72,Ruby,Brooks,rbrooks1z@blogger.com,Russia,230.16.74.68
73,Angela,Diaz,adiaz20@state.gov,China,89.255.144.158
74,Jennifer,Flores,jflores21@usatoday.com,China,212.115.111.90
75,Deborah,Grant,dgrant22@altervista.org,Jordan,32.39.117.22
76,Christopher,Payne,cpayne23@sciencedirect.com,Haiti,17.51.151.114
77,Joyce,Scott,jscott24@dagondesign.com,Poland,56.2.225.238
78,Lori,Evans,levans25@drupal.org,France,250.35.25.208
79,Jason,Henderson,jhenderson26@go.com,Czech Republic,254.239.242.128
80,Julia,Banks,jbanks27@plala.or.jp,Norway,33.48.181.68
81,David,Oliver,doliver28@pen.io,Indonesia,102.178.31.152
82,Albert,Mitchell,amitchell29@usatoday.com,Bolivia,43.74.16.238
83,Gary,Moore,gmoore2a@dion.ne.jp,China,177.208.27.255
84,Keith,Williams,kwilliams2b@netvibes.com,Russia,146.216.95.247
85,Kevin,Gibson,kgibson2c@seesaa.net,Poland,66.116.43.182
86,Emily,Larson,elarson2d@tumblr.com,Philippines,203.218.146.73
87,Amanda,Torres,atorres2e@cbsnews.com,Indonesia,140.82.35.89
88,Willie,George,wgeorge2f@t-online.de,Azerbaijan,207.91.123.87
89,Justin,Miller,jmiller2g@google.co.jp,China,235.141.202.160
90,Irene,Foster,ifoster2h@dagondesign.com,Indonesia,196.8.91.222
91,Benjamin,Mccoy,bmccoy2i@uiuc.edu,Portugal,201.192.159.83
92,Michelle,Dunn,mdunn2j@examiner.com,China,251.170.84.146
93,Kelly,Morales,kmorales2k@ihg.com,China,119.30.5.179
94,Ruth,Rose,rrose2l@blogtalkradio.com,Poland,2.220.222.246
95,Ruth,Price,rprice2m@salon.com,Brazil,193.119.183.182
96,Melissa,Cox,mcox2n@cnn.com,China,219.162.100.224
97,Carol,Vasquez,cvasquez2o@symantec.com,Nicaragua,128.135.187.244
98,Mark,Gonzalez,mgonzalez2p@paginegialle.it,China,134.4.219.23
99,Clarence,Stevens,cstevens2q@mayoclinic.com,Albania,89.85.170.92
100,Keith,Adams,kadams2r@typepad.com,Canada,190.85.194.92
101,Dennis,Lawrence,dlawrence2s@stumbleupon.com,Portugal,182.96.146.215
102,Timothy,Reid,treid2t@icio.us,Peru,116.168.204.255
103,Paul,Robinson,probinson2u@prnewswire.com,China,145.158.239.251
104,Edward,Smith,esmith2v@ox.ac.uk,Poland,113.30.10.90
105,Larry,Ellis,lellis2w@liveinternet.ru,Czech Republic,197.215.89.95
106,Debra,Sullivan,dsullivan2x@tumblr.com,Ethiopia,55.156.180.77
107,Jason,Shaw,jshaw2y@hexun.com,Sweden,192.39.116.140
108,Jacqueline,Thompson,jthompson2z@ebay.co.uk,Indonesia,153.44.22.26
109,Maria,Tucker,mtucker30@skype.com,Poland,158.227.76.44
110,Melissa,Hicks,mhicks31@sfgate.com,Indonesia,164.165.206.70
111,Jane,Tucker,jtucker32@si.edu,Peru,119.27.15.220
112,Frank,Wallace,fwallace33@vkontakte.ru,United Kingdom,249.155.206.73
113,Catherine,Washington,cwashington34@phoca.cz,Germany,31.106.223.49
114,Marilyn,Wood,mwood35@addtoany.com,Indonesia,230.146.66.149
115,Martha,Wells,mwells36@opera.com,Philippines,245.218.219.154
116,Martin,Smith,msmith37@wix.com,China,244.255.50.120
117,Phyllis,Morrison,pmorrison38@amazon.co.jp,Argentina,94.158.100.210
118,Juan,Turner,jturner39@mediafire.com,France,224.172.168.40
119,Raymond,Harvey,rharvey3a@sitemeter.com,France,252.141.145.136
120,Marie,Harper,mharper3b@google.co.uk,Egypt,36.42.197.245
121,Nicholas,Freeman,nfreeman3c@kickstarter.com,China,98.57.153.59
122,Matthew,Ruiz,mruiz3d@sourceforge.net,Peru,14.69.97.6
123,Marie,Hayes,mhayes3e@oakley.com,Albania,112.122.233.17
124,Chris,Cox,ccox3f@woothemes.com,China,217.94.113.253
125,William,Perkins,wperkins3g@histats.com,Greece,19.190.131.236
126,Rose,Long,rlong3h@columbia.edu,Ireland,117.194.131.85
127,Shawn,Ramos,sramos3i@youtube.com,Portugal,136.195.174.51
128,Heather,Carr,hcarr3j@sina.com.cn,Philippines,65.129.186.39
129,Joseph,Lawson,jlawson3k@theglobeandmail.com,China,240.132.94.78
130,Amy,Payne,apayne3l@samsung.com,Russia,185.210.23.254
131,Billy,Wright,bwright3m@gmpg.org,Portugal,95.219.71.195
132,Rose,Harrison,rharrison3n@yellowpages.com,Canada,35.113.2.204
133,Diane,Foster,dfoster3o@about.com,China,163.138.20.66
134,Douglas,Kelly,dkelly3p@wufoo.com,China,64.114.19.54
135,Douglas,Dixon,ddixon3q@disqus.com,Indonesia,181.246.21.156
136,Martin,James,mjames3r@amazon.de,Russia,176.209.230.119
137,Linda,Harris,lharris3s@tiny.cc,China,144.252.85.55
138,Keith,Parker,kparker3t@joomla.org,North Korea,92.100.246.234
139,Antonio,Romero,aromero3u@ow.ly,Philippines,110.145.114.162
140,Shawn,Stephens,sstephens3v@google.cn,North Korea,249.8.204.123
141,Samuel,Reed,sreed3w@oakley.com,Japan,116.200.143.182
142,Rachel,Martinez,rmartinez3x@elpais.com,Peru,51.236.195.101
143,Deborah,Henry,dhenry3y@vinaora.com,Thailand,81.12.253.255
144,Irene,Burton,iburton3z@4shared.com,China,131.218.14.234
145,Kimberly,Hunt,khunt40@dedecms.com,Japan,219.183.182.245
146,Ashley,Lawson,alawson41@usatoday.com,Honduras,69.30.95.228
147,Anne,Payne,apayne42@weather.com,Brazil,253.182.242.159
148,Willie,Peterson,wpeterson43@squarespace.com,Greece,42.24.233.226
149,Michael,Carpenter,mcarpenter44@photobucket.com,Indonesia,180.171.6.134
150,Lisa,Richardson,lrichardson45@prlog.org,Iraq,3.223.196.30
151,Emily,Harper,eharper46@businessinsider.com,China,198.87.133.247
152,Donald,Ortiz,dortiz47@deviantart.com,United States,225.66.217.84
153,Arthur,Wagner,awagner48@wp.com,Greece,208.237.37.77
154,Angela,Gardner,agardner49@oaic.gov.au,Poland,17.58.70.22
155,Carolyn,Grant,cgrant4a@hexun.com,Brazil,14.105.115.9
156,Theresa,Mcdonald,tmcdonald4b@hao123.com,Indonesia,76.213.76.103
157,Maria,Little,mlittle4c@latimes.com,Indonesia,254.59.33.236
158,Ernest,Burton,eburton4d@moonfruit.com,Latvia,79.17.249.31
159,Marilyn,Larson,mlarson4e@ed.gov,Mexico,95.196.54.15
160,Judith,Mills,jmills4f@dropbox.com,Colombia,30.184.211.167
161,Arthur,Schmidt,aschmidt4g@dell.com,Russia,214.12.241.9
162,Randy,Riley,rriley4h@blogger.com,Brazil,177.211.108.66
163,Tina,Phillips,tphillips4i@dailymail.co.uk,China,84.189.179.168
164,Michael,Harrison,mharrison4j@ovh.net,Portugal,162.61.28.207
165,Harold,Brooks,hbrooks4k@myspace.com,China,60.249.125.118
166,Theresa,Welch,twelch4l@newyorker.com,Indonesia,175.192.0.56
167,Ashley,Reid,areid4m@google.it,China,37.61.46.223
168,Jesse,Stevens,jstevens4n@i2i.jp,Afghanistan,16.153.30.147
169,Gregory,Ryan,gryan4o@sitemeter.com,Russia,207.146.213.198
170,Rachel,Burton,rburton4p@blogs.com,Greece,187.249.181.73
171,Howard,Williams,hwilliams4q@google.cn,Brazil,102.148.173.178
172,Brian,Turner,bturner4r@soundcloud.com,Brazil,14.123.80.94
173,Karen,Lawrence,klawrence4s@nps.gov,Micronesia,31.167.127.114
174,Craig,Gutierrez,cgutierrez4t@goo.ne.jp,Philippines,76.218.102.9
175,Ruth,Franklin,rfranklin4u@wp.com,Indonesia,45.227.32.80
176,Anna,Perry,aperry4v@ibm.com,Russia,251.151.20.160
177,Lawrence,Alexander,lalexander4w@spiegel.de,China,125.16.67.5
178,Karen,Andrews,kandrews4x@state.gov,Indonesia,194.132.220.209
179,Todd,Robertson,trobertson4y@wix.com,Portugal,243.189.126.143
180,Billy,Thompson,bthompson4z@mapquest.com,China,219.84.90.253
181,Billy,Coleman,bcoleman50@wikispaces.com,Ethiopia,236.255.169.155
182,Shirley,Coleman,scoleman51@nature.com,Egypt,89.56.165.181
183,Mark,Smith,msmith52@furl.net,China,18.191.49.42
184,Maria,Jenkins,mjenkins53@sbwire.com,Indonesia,178.18.43.38
185,Andrew,Miller,amiller54@about.com,Japan,246.69.159.24
186,Teresa,Lee,tlee55@sciencedaily.com,Russia,104.157.177.242
187,Deborah,Andrews,dandrews56@boston.com,Colombia,187.31.198.9
188,Lois,Lane,llane57@cdbaby.com,Indonesia,226.130.197.23
189,Eric,Ortiz,eortiz58@jigsy.com,Haiti,101.131.151.46
190,Theresa,Rivera,trivera59@eventbrite.com,China,1.167.197.251
191,Wanda,Perkins,wperkins5a@purevolume.com,Portugal,118.128.249.210
192,Larry,Elliott,lelliott5b@pinterest.com,Kosovo,184.183.72.14
193,Scott,Wagner,swagner5c@exblog.jp,Poland,97.239.123.171
194,Lawrence,Frazier,lfrazier5d@eepurl.com,China,188.240.28.181
195,Catherine,Austin,caustin5e@princeton.edu,China,17.164.178.195
196,James,Bennett,jbennett5f@dagondesign.com,Japan,93.146.52.111
197,Lisa,Fields,lfields5g@cnn.com,Cameroon,238.3.246.206
198,Cynthia,Harvey,charvey5h@wufoo.com,Mongolia,112.159.148.101
199,Emily,Mcdonald,emcdonald5i@indiegogo.com,Indonesia,51.231.98.155
200,Paula,Hart,phart5j@senate.gov,Brazil,13.23.57.49
201,Randy,Washington,rwashington5k@smh.com.au,Cameroon,125.59.36.153
202,Amanda,Morgan,amorgan5l@squarespace.com,Russia,168.235.130.247
203,Jessica,Carroll,jcarroll5m@cloudflare.com,Canada,26.239.67.133
204,Ruby,Gardner,rgardner5n@fc2.com,Philippines,42.234.137.87
205,Sean,Medina,smedina5o@bravesites.com,Argentina,227.176.171.72
206,Harold,Alvarez,halvarez5p@wired.com,Philippines,156.157.141.234
207,Jonathan,Howard,jhoward5q@ibm.com,Russia,93.8.160.220
208,Betty,Tucker,btucker5r@dion.ne.jp,Afghanistan,77.3.93.175
209,Gloria,Greene,ggreene5s@blinklist.com,Indonesia,215.216.82.110
210,Jack,Stone,jstone5t@vkontakte.ru,Brazil,155.168.78.38
211,Helen,Harper,hharper5u@omniture.com,Albania,145.62.14.141
212,Margaret,Black,mblack5v@dot.gov,China,34.127.176.217
213,Phillip,Banks,pbanks5w@digg.com,China,28.114.83.113
214,Angela,Ross,aross5x@blog.com,Estonia,153.190.37.167
215,Carlos,Scott,cscott5y@baidu.com,Indonesia,123.248.233.254
216,Tina,Fields,tfields5z@freewebs.com,Brazil,78.103.184.216
217,Bonnie,Bell,bbell60@joomla.org,China,104.201.150.96
218,Peter,Riley,priley61@jiathis.com,China,73.29.74.220
219,Bruce,Wood,bwood62@google.com.br,France,37.217.126.192
220,Sean,Baker,sbaker63@guardian.co.uk,Indonesia,180.109.224.81
221,Christopher,Powell,cpowell64@joomla.org,Sweden,224.10.213.228
222,Stephanie,Martin,smartin65@zimbio.com,Indonesia,145.111.129.217
223,Donna,Evans,devans66@photobucket.com,Mali,103.58.179.177
224,Theresa,Harris,tharris67@gnu.org,United States,94.21.14.79
225,Amy,Hart,ahart68@zimbio.com,Poland,235.47.65.140
226,Adam,Mills,amills69@taobao.com,Brazil,72.244.22.22
227,Joan,Morris,jmorris6a@woothemes.com,Brazil,112.166.73.111
228,Angela,Sims,asims6b@wikispaces.com,Poland,51.130.94.46
229,Amanda,Ross,aross6c@eventbrite.com,Palestinian Territory,237.53.78.245
230,Richard,Day,rday6d@github.io,Morocco,233.75.116.192
231,Brian,Gomez,bgomez6e@unc.edu,China,32.25.120.157
232,Elizabeth,Alvarez,ealvarez6f@ocn.ne.jp,China,79.113.239.56
233,Anthony,Ortiz,aortiz6g@parallels.com,Jamaica,250.138.38.152
234,Evelyn,Fernandez,efernandez6h@amazon.co.jp,Micronesia,94.140.170.212
235,Billy,Sullivan,bsullivan6i@answers.com,Brazil,76.249.235.214
236,Steve,Grant,sgrant6j@feedburner.com,Russia,157.78.220.24
237,Michelle,Austin,maustin6k@latimes.com,Indonesia,60.152.50.203
238,Joe,Ray,jray6l@php.net,China,180.173.167.109
239,Johnny,Kelly,jkelly6m@list-manage.com,Russia,112.170.213.251
240,Johnny,Hansen,jhansen6n@ucla.edu,Cameroon,46.197.216.28
241,Brandon,Gray,bgray6o@senate.gov,Nicaragua,11.146.87.248
242,Raymond,Griffin,rgriffin6p@merriam-webster.com,Guam,95.134.112.193
243,Nicole,Bailey,nbailey6q@si.edu,Philippines,126.29.73.241
244,Jessica,Dean,jdean6r@cnet.com,Bangladesh,79.52.75.37
245,Mark,Fowler,mfowler6s@imageshack.us,Portugal,242.199.110.63
246,Cynthia,Harris,charris6t@vinaora.com,Nigeria,108.101.195.202
247,Jeffrey,Harvey,jharvey6u@yellowpages.com,China,4.72.200.253
248,Ruby,Moreno,rmoreno6v@xinhuanet.com,Portugal,172.33.1.5
249,Phyllis,Collins,pcollins6w@gov.uk,China,170.23.54.249
250,Kevin,Jenkins,kjenkins6x@cnet.com,Russia,37.18.182.134
251,Martin,Ortiz,mortiz6y@histats.com,Bosnia and Herzegovina,121.89.161.96
252,Marie,Fuller,mfuller6z@ifeng.com,Brazil,78.172.119.250
253,Teresa,Hall,thall70@wikia.com,South Africa,50.175.209.17
254,Heather,Gardner,hgardner71@last.fm,China,229.197.255.27
255,Victor,Sanders,vsanders72@desdev.cn,Germany,248.118.194.41
256,Brandon,Flores,bflores73@angelfire.com,Indonesia,70.137.123.9
257,Carolyn,Coleman,ccoleman74@si.edu,Indonesia,111.253.157.112
258,Christina,Hall,chall75@diigo.com,Albania,23.0.204.74
259,Jessica,Banks,jbanks76@newyorker.com,Sweden,246.94.213.26
260,Gerald,Larson,glarson77@aboutads.info,Canada,247.38.203.1
261,Lois,Williams,lwilliams78@google.it,Portugal,208.200.100.98
262,Bonnie,Rice,brice79@instagram.com,Malaysia,23.9.193.166
263,Andrea,Rice,arice7a@dell.com,Sweden,82.126.8.224
264,George,George,ggeorge7b@netlog.com,France,179.122.235.252
265,Louise,Adams,ladams7c@yellowbook.com,Armenia,239.105.158.248
266,Lisa,West,lwest7d@berkeley.edu,Philippines,78.237.140.222
267,Tammy,Medina,tmedina7e@archive.org,Mexico,182.7.39.178
268,Bonnie,Hansen,bhansen7f@purevolume.com,Cameroon,108.61.19.32
269,Sean,Smith,ssmith7g@hubpages.com,Indonesia,210.179.169.209
270,Shawn,Richardson,srichardson7h@google.cn,Azerbaijan,197.130.35.85
271,Andrea,Stevens,astevens7i@harvard.edu,Indonesia,39.83.87.150
272,Ruby,Gomez,rgomez7j@hibu.com,Czech Republic,122.61.128.234
273,Sara,Stewart,sstewart7k@cisco.com,Poland,143.107.120.142
274,Kimberly,Gilbert,kgilbert7l@reverbnation.com,Brazil,0.252.92.49
275,Walter,Ortiz,wortiz7m@globo.com,Japan,51.206.205.226
276,Judith,Larson,jlarson7n@comcast.net,Canada,153.198.87.23
277,Janice,Richardson,jrichardson7o@angelfire.com,Venezuela,106.54.94.52
278,Brenda,Johnson,bjohnson7p@example.com,Sweden,254.171.126.128
279,Kathleen,Lewis,klewis7q@last.fm,China,44.252.33.85
280,Matthew,Patterson,mpatterson7r@feedburner.com,Brazil,38.34.93.225
281,Teresa,Cox,tcox7s@timesonline.co.uk,Czech Republic,130.205.158.182
282,Lillian,Mitchell,lmitchell7t@salon.com,Czech Republic,250.186.7.0
283,Nicholas,Foster,nfoster7u@typepad.com,Philippines,150.102.174.123
284,Denise,Frazier,dfrazier7v@theatlantic.com,China,142.76.46.81
285,Gerald,Robinson,grobinson7w@163.com,Mongolia,146.209.28.216
286,Jessica,Washington,jwashington7x@archive.org,Colombia,44.221.185.104
287,Alice,Burke,aburke7y@webmd.com,Russia,120.150.112.244
288,Jesse,Moore,jmoore7z@vinaora.com,China,169.22.143.92
289,Benjamin,Armstrong,barmstrong80@ocn.ne.jp,Panama,204.131.163.41
290,Kenneth,Webb,kwebb81@google.ru,Portugal,86.244.30.152
291,Dorothy,Patterson,dpatterson82@joomla.org,Japan,165.57.137.193
292,Gloria,Butler,gbutler83@weebly.com,Ukraine,137.185.201.66
293,Amy,Williamson,awilliamson84@marriott.com,Sweden,160.193.133.52
294,Samuel,Hamilton,shamilton85@aboutads.info,Malaysia,61.95.226.234
295,Randy,Andrews,randrews86@weebly.com,Indonesia,99.181.67.251
296,Carlos,Graham,cgraham87@tmall.com,Mexico,132.91.187.159
297,George,Jenkins,gjenkins88@wikimedia.org,China,88.160.101.93
298,Theresa,Daniels,tdaniels89@hubpages.com,Azerbaijan,227.37.98.250
299,Sandra,Fuller,sfuller8a@sciencedirect.com,Peru,176.127.96.238
300,Terry,Stevens,tstevens8b@phoca.cz,Russia,231.7.170.56
301,Douglas,Knight,dknight8c@123-reg.co.uk,China,119.132.69.24
302,Martin,Dunn,mdunn8d@go.com,Mongolia,242.134.240.169
303,Tammy,Evans,tevans8e@google.pl,Philippines,43.217.150.64
304,Ruby,Hernandez,rhernandez8f@cbsnews.com,Mexico,224.183.108.149
305,Jesse,Dixon,jdixon8g@forbes.com,China,33.151.240.131
306,Steven,Banks,sbanks8h@joomla.org,China,250.114.207.239
307,John,Nichols,jnichols8i@chronoengine.com,Seychelles,19.235.26.39
308,Paula,Harrison,pharrison8j@wp.com,Philippines,52.66.214.65
309,Howard,Black,hblack8k@seattletimes.com,Czech Republic,62.191.148.241
310,Raymond,Cooper,rcooper8l@sbwire.com,China,86.243.83.3
311,Sandra,Olson,solson8m@desdev.cn,South Korea,232.177.112.23
312,Laura,Lynch,llynch8n@newsvine.com,China,160.107.219.138
313,Karen,Gibson,kgibson8o@g.co,Poland,89.1.143.199
314,Wanda,Ruiz,wruiz8p@baidu.com,Colombia,160.64.210.210
315,Louise,Fields,lfields8q@cnbc.com,Norway,13.79.126.194
316,Dorothy,Wheeler,dwheeler8r@wikimedia.org,China,144.48.111.184
317,Ryan,Vasquez,rvasquez8s@tinyurl.com,Philippines,62.176.208.197
318,Annie,Holmes,aholmes8t@unesco.org,Greece,178.66.177.147
319,Harold,Marshall,hmarshall8u@fc2.com,Turkmenistan,125.53.122.102
320,Sandra,Foster,sfoster8v@typepad.com,Philippines,5.219.20.6
321,Ruth,Little,rlittle8w@go.com,Afghanistan,161.97.234.133
322,Anthony,West,awest8x@gmpg.org,Indonesia,155.230.23.188
323,Sean,Boyd,sboyd8y@reference.com,Argentina,19.173.92.44
324,James,Chavez,jchavez8z@bigcartel.com,China,116.106.251.36
325,Sean,Hunt,shunt90@phoca.cz,Bosnia and Herzegovina,132.42.140.117
326,Patricia,Peters,ppeters91@miitbeian.gov.cn,Indonesia,134.193.232.140
327,Sarah,Henderson,shenderson92@home.pl,Greece,194.100.135.80
328,Judy,Washington,jwashington93@rambler.ru,Armenia,1.165.178.181
329,Joshua,Boyd,jboyd94@t.co,Russia,69.42.57.105
330,Beverly,Gordon,bgordon95@barnesandnoble.com,Brazil,93.81.42.95
331,Ann,Freeman,afreeman96@alibaba.com,China,96.190.182.124
332,Victor,Harvey,vharvey97@goodreads.com,Peru,143.67.168.169
333,Kevin,Mitchell,kmitchell98@privacy.gov.au,Sweden,37.176.52.17
334,Julie,Pierce,jpierce99@shinystat.com,China,146.171.44.124
335,Amanda,Burns,aburns9a@ow.ly,China,114.34.250.36
336,Amy,Gutierrez,agutierrez9b@alexa.com,New Zealand,229.238.141.189
337,Mary,Frazier,mfrazier9c@slideshare.net,Poland,103.103.199.197
338,Wayne,Gordon,wgordon9d@blogtalkradio.com,United States,51.54.246.233
339,Fred,Phillips,fphillips9e@aol.com,Papua New Guinea,250.9.229.93
340,Janet,Richardson,jrichardson9f@cbc.ca,Portugal,120.167.126.31
341,Albert,Stephens,astephens9g@nbcnews.com,Philippines,44.213.208.125
342,Amy,Wells,awells9h@paypal.com,Czech Republic,175.174.5.112
343,Jimmy,Day,jday9i@squidoo.com,United States,234.114.98.114
344,Norma,Banks,nbanks9j@1und1.de,Russia,225.147.216.80
345,Diane,Smith,dsmith9k@storify.com,Indonesia,58.176.223.35
346,Eugene,Hill,ehill9l@yelp.com,Myanmar,150.229.207.242
347,Cheryl,Berry,cberry9m@g.co,Poland,236.81.210.174
348,Judith,Wagner,jwagner9n@nifty.com,Ukraine,197.99.148.218
349,Evelyn,Bryant,ebryant9o@epa.gov,Finland,162.74.30.20
350,Ruth,Russell,rrussell9p@biblegateway.com,Cuba,254.30.88.10
351,Billy,Hunter,bhunter9q@stanford.edu,Russia,3.244.79.55
352,Brian,Carroll,bcarroll9r@mashable.com,Indonesia,226.236.58.120
353,Jennifer,Riley,jriley9s@nasa.gov,Philippines,61.156.25.30
354,Stephen,Sims,ssims9t@microsoft.com,Japan,116.254.52.97
355,Patrick,Holmes,pholmes9u@europa.eu,Indonesia,219.150.116.13
356,Irene,Coleman,icoleman9v@etsy.com,Greece,201.85.163.33
357,Harold,Hill,hhill9w@blogspot.com,Ukraine,127.70.195.255
358,Timothy,Green,tgreen9x@wordpress.org,Russia,73.109.219.182
359,Paula,Jordan,pjordan9y@php.net,Russia,212.198.19.186
360,Charles,Fuller,cfuller9z@unc.edu,China,6.146.62.232
361,Lori,Warren,lwarrena0@acquirethisname.com,Russia,97.184.57.116
362,Diana,Wheeler,dwheelera1@fotki.com,Brazil,112.86.64.26
363,Debra,Chapman,dchapmana2@skyrock.com,Sweden,255.213.215.103
364,Nicholas,Gilbert,ngilberta3@de.vu,Colombia,208.243.171.34
365,Arthur,Wallace,awallacea4@archive.org,Indonesia,38.254.16.42
366,Shirley,Rogers,srogersa5@google.cn,China,44.140.235.20
367,Norma,Miller,nmillera6@booking.com,China,23.50.250.119
368,Denise,Robertson,drobertsona7@cargocollective.com,Indonesia,134.141.19.29
369,Charles,Chavez,cchaveza8@tumblr.com,China,60.208.6.130
370,Edward,Rivera,eriveraa9@timesonline.co.uk,Jordan,9.39.102.170
371,Edward,Murray,emurrayaa@gmpg.org,Mongolia,249.86.142.12
372,Thomas,Fowler,tfowlerab@youtu.be,Indonesia,140.117.184.178
373,Jeffrey,Williams,jwilliamsac@princeton.edu,China,1.96.127.233
374,Rachel,Stephens,rstephensad@squidoo.com,Brazil,174.30.154.115
375,Chris,West,cwestae@npr.org,Poland,35.255.249.223
376,Lois,Watkins,lwatkinsaf@ucoz.com,Russia,169.124.13.210
377,Beverly,Burns,bburnsag@studiopress.com,Argentina,229.55.79.189
378,Adam,Kelly,akellyah@prnewswire.com,Dominica,146.69.138.164
379,Carlos,Gordon,cgordonai@networkadvertising.org,China,36.8.138.160
380,Wanda,Stanley,wstanleyaj@topsy.com,Tanzania,8.64.231.34
381,Doris,Thompson,dthompsonak@biblegateway.com,Sweden,242.166.223.162
382,Doris,Hanson,dhansonal@slashdot.org,Netherlands,2.3.164.122
383,Angela,Peterson,apetersonam@army.mil,New Zealand,147.141.8.92
384,Arthur,Bailey,abaileyan@uiuc.edu,United States,181.252.32.87
385,Justin,Fox,jfoxao@forbes.com,Canada,243.174.120.39
386,Kimberly,Mason,kmasonap@umn.edu,Japan,56.74.125.159
387,Andrea,Cruz,acruzaq@plala.or.jp,China,81.167.53.183
388,Kathleen,Cunningham,kcunninghamar@harvard.edu,Russia,176.204.133.81
389,Gerald,Austin,gaustinas@soundcloud.com,Indonesia,53.108.155.149
390,Willie,Murphy,wmurphyat@youtu.be,Serbia,244.88.134.211
391,Jane,Woods,jwoodsau@mapy.cz,Argentina,246.227.252.115
392,Lisa,Young,lyoungav@redcross.org,China,246.241.207.39
393,Janet,Allen,jallenaw@independent.co.uk,China,122.201.253.16
394,Barbara,Harrison,bharrisonax@theglobeandmail.com,China,93.140.133.44
395,Kathryn,Bennett,kbennettay@nps.gov,Russia,105.82.22.233
396,Ronald,Lewis,rlewisaz@sbwire.com,China,147.47.160.21
397,Nancy,Ellis,nellisb0@slideshare.net,Brazil,53.164.137.111
398,Gary,Campbell,gcampbellb1@intel.com,Brazil,10.0.186.102
399,Lillian,Hill,lhillb2@cornell.edu,Russia,201.255.121.192
400,Benjamin,Ford,bfordb3@t.co,Argentina,21.24.212.33
401,Irene,Gibson,igibsonb4@xing.com,China,21.112.54.133
402,Earl,Mills,emillsb5@pagesperso-orange.fr,Brazil,175.244.149.220
403,Victor,Peters,vpetersb6@cbslocal.com,Indonesia,110.182.233.178
404,Scott,Mitchell,smitchellb7@etsy.com,Tanzania,118.36.88.151
405,Phyllis,Barnes,pbarnesb8@examiner.com,Brazil,189.165.3.221
406,Gregory,Warren,gwarrenb9@slashdot.org,Thailand,174.142.208.177
407,Gregory,Adams,gadamsba@howstuffworks.com,Finland,143.105.23.45
408,Sandra,Sanders,ssandersbb@chron.com,Indonesia,138.145.142.160
409,Nancy,Spencer,nspencerbc@bloomberg.com,China,155.225.253.145
410,Willie,Myers,wmyersbd@ihg.com,Indonesia,177.25.125.247
411,Albert,Wells,awellsbe@xing.com,China,37.227.146.1
412,Bonnie,Nguyen,bnguyenbf@simplemachines.org,Philippines,53.140.241.126
413,Ernest,Rivera,eriverabg@google.it,Reunion,84.224.101.234
414,Patricia,Ramirez,pramirezbh@ox.ac.uk,Afghanistan,148.111.242.246
415,Joshua,Miller,jmillerbi@whitehouse.gov,China,241.133.16.137
416,Charles,Tucker,ctuckerbj@indiegogo.com,Comoros,152.36.10.53
417,Bobby,Gordon,bgordonbk@ycombinator.com,China,233.198.12.48
418,Jose,Mason,jmasonbl@mashable.com,Russia,167.12.99.120
419,Elizabeth,Mccoy,emccoybm@people.com.cn,China,70.1.128.201
420,Thomas,Arnold,tarnoldbn@icio.us,Somalia,215.253.242.164
421,Anna,Coleman,acolemanbo@sun.com,Brazil,18.73.202.38
422,Russell,Gordon,rgordonbp@state.gov,Zambia,216.197.146.10
423,Justin,Martin,jmartinbq@yellowpages.com,China,224.144.174.232
424,Alice,Riley,arileybr@51.la,Germany,106.208.4.195
425,John,Schmidt,jschmidtbs@ezinearticles.com,Portugal,237.75.165.54
426,David,Sullivan,dsullivanbt@sphinn.com,Bosnia and Herzegovina,111.33.54.57
427,Louis,Gilbert,lgilbertbu@wordpress.org,Russia,111.127.43.98
428,Norma,Richards,nrichardsbv@cnet.com,Saint Pierre and Miquelon,165.236.205.21
429,Timothy,Powell,tpowellbw@noaa.gov,Burundi,187.69.27.48
430,Brandon,Henderson,bhendersonbx@qq.com,China,6.104.95.130
431,George,Powell,gpowellby@rakuten.co.jp,Brazil,231.108.155.188
432,Richard,Gonzalez,rgonzalezbz@sfgate.com,Bosnia and Herzegovina,183.77.75.90
433,Emily,Cunningham,ecunninghamc0@nifty.com,Liberia,168.104.176.231
434,Mildred,Baker,mbakerc1@ebay.co.uk,China,118.151.47.102
435,Thomas,Ray,trayc2@over-blog.com,Bosnia and Herzegovina,157.118.39.194
436,Laura,Gomez,lgomezc3@sourceforge.net,United States,140.8.201.114
437,Nicole,Riley,nrileyc4@prweb.com,Peru,210.121.223.216
438,Willie,Little,wlittlec5@wired.com,Bolivia,129.235.202.107
439,Dennis,Evans,devansc6@princeton.edu,China,143.83.143.199
440,Barbara,Bailey,bbaileyc7@buzzfeed.com,China,81.200.35.246
441,Andrea,Burke,aburkec8@scientificamerican.com,Czech Republic,61.12.74.140
442,Michelle,Evans,mevansc9@wiley.com,Malta,45.14.112.246
443,Ruth,Greene,rgreeneca@free.fr,Morocco,211.177.33.230
444,Doris,Webb,dwebbcb@facebook.com,Indonesia,198.9.57.221
445,Carlos,Greene,cgreenecc@squarespace.com,Brazil,63.193.202.168
446,Susan,Diaz,sdiazcd@google.pl,Republic of the Congo,52.151.143.165
447,Terry,Rivera,triverace@drupal.org,Sweden,122.185.40.82
448,Jesse,Graham,jgrahamcf@smh.com.au,Portugal,79.120.115.201
449,Donald,Chapman,dchapmancg@elpais.com,France,120.189.201.212
450,Sandra,Jenkins,sjenkinsch@scribd.com,Ukraine,54.241.200.227
451,Shirley,Patterson,spattersonci@cdc.gov,France,167.253.121.135
452,Jessica,Hill,jhillcj@so-net.ne.jp,Ireland,167.16.232.158
453,Bruce,Alexander,balexanderck@amazon.co.jp,Bolivia,154.155.248.17
454,Victor,Campbell,vcampbellcl@ca.gov,New Zealand,59.75.181.59
455,Joyce,Diaz,jdiazcm@diigo.com,Czech Republic,160.199.35.171
456,Julie,Walker,jwalkercn@goo.gl,Russia,197.159.161.206
457,Beverly,Jenkins,bjenkinsco@nasa.gov,Colombia,196.87.183.147
458,Brandon,White,bwhitecp@reference.com,China,64.217.235.232
459,Lori,Edwards,ledwardscq@about.me,Brazil,201.136.120.144
460,Sharon,Jackson,sjacksoncr@apache.org,China,180.87.119.152
461,Jeffrey,Burns,jburnscs@biglobe.ne.jp,China,86.200.31.238
462,Carlos,Bryant,cbryantct@ask.com,China,229.23.170.73
463,Deborah,Moreno,dmorenocu@amazon.com,Anguilla,86.162.240.82
464,Julia,Gibson,jgibsoncv@patch.com,Indonesia,14.22.113.16
465,Laura,Price,lpricecw@harvard.edu,Morocco,57.70.140.13
466,Timothy,Ray,traycx@webnode.com,Russia,46.50.39.149
467,Jose,Anderson,jandersoncy@surveymonkey.com,China,50.203.127.244
468,Gary,Hernandez,ghernandezcz@hubpages.com,Kazakhstan,66.114.220.252
469,Kenneth,Larson,klarsond0@qq.com,Greece,29.175.178.59
470,Roger,Shaw,rshawd1@cnbc.com,China,251.163.63.168
471,Doris,Daniels,ddanielsd2@homestead.com,China,98.234.205.0
472,Joseph,Chapman,jchapmand3@dmoz.org,China,6.76.225.107
473,Bobby,Kelly,bkellyd4@bbb.org,Indonesia,222.139.160.249
474,Earl,Grant,egrantd5@ox.ac.uk,Poland,53.99.19.20
475,Jerry,Williams,jwilliamsd6@plala.or.jp,Mexico,91.98.84.52
476,Kathryn,Ward,kwardd7@privacy.gov.au,Botswana,72.167.146.146
477,Adam,Stewart,astewartd8@51.la,Tajikistan,166.154.106.188
478,Clarence,Robinson,crobinsond9@indiegogo.com,China,79.136.51.238
479,Deborah,Fernandez,dfernandezda@odnoklassniki.ru,Ivory Coast,30.0.190.181
480,Betty,Moore,bmooredb@hhs.gov,Philippines,246.86.42.51
481,Emily,Fisher,efisherdc@msn.com,Indonesia,39.208.14.52
482,Maria,Mendoza,mmendozadd@paginegialle.it,New Caledonia,59.81.199.168
483,Pamela,Hunt,phuntde@redcross.org,Dominican Republic,143.251.50.241
484,Anthony,Elliott,aelliottdf@elegantthemes.com,Philippines,161.219.179.250
485,Frank,Nichols,fnicholsdg@illinois.edu,Peru,79.89.208.211
486,Scott,Arnold,sarnolddh@state.gov,Thailand,210.216.139.69
487,Larry,Stephens,lstephensdi@aboutads.info,Indonesia,104.99.184.37
488,Sara,Peters,spetersdj@qq.com,South Africa,81.104.164.220
489,Thomas,Jackson,tjacksondk@friendfeed.com,Czech Republic,93.83.189.154
490,Jessica,Medina,jmedinadl@ed.gov,Cameroon,49.32.215.17
491,Joseph,Schmidt,jschmidtdm@nydailynews.com,France,176.213.73.97
492,Sarah,Watson,swatsondn@cpanel.net,Slovenia,33.18.175.7
493,Thomas,Sims,tsimsdo@miitbeian.gov.cn,Indonesia,55.71.3.224
494,Rachel,Stanley,rstanleydp@bloomberg.com,Canada,49.33.103.96
495,Ralph,Elliott,relliottdq@ucoz.com,France,69.239.250.249
496,Martha,Hansen,mhansendr@businesswire.com,Indonesia,110.246.106.233
497,Aaron,Crawford,acrawfordds@1und1.de,Croatia,80.48.72.68
498,Laura,Elliott,lelliottdt@hibu.com,Bangladesh,233.140.92.204
499,Debra,Carr,dcarrdu@intel.com,Indonesia,17.250.150.98
500,Albert,Morrison,amorrisondv@java.com,"Bonaire, Saint Eustatius and Saba ",115.74.62.51
501,Douglas,Taylor,dtaylordw@wikimedia.org,China,185.164.149.161
502,Eric,Hill,ehilldx@eventbrite.com,Russia,55.114.52.155
503,Laura,Pierce,lpiercedy@jimdo.com,France,247.230.195.223
504,Catherine,Bradley,cbradleydz@github.com,United States,227.9.161.46
505,Marilyn,Mills,mmillse0@wsj.com,Sweden,125.208.25.72
506,Carl,Johnston,cjohnstone1@nsw.gov.au,Morocco,44.97.141.15
507,Bonnie,Bowman,bbowmane2@joomla.org,Russia,104.193.212.247
508,Michelle,Gardner,mgardnere3@smugmug.com,Portugal,50.105.190.179
509,Nancy,Andrews,nandrewse4@theatlantic.com,Canada,97.17.135.185
510,Gary,Willis,gwillise5@narod.ru,Japan,89.52.49.40
511,Kathy,Black,kblacke6@nsw.gov.au,Armenia,94.38.134.241
512,Amy,Welch,awelche7@yellowpages.com,Philippines,52.124.101.228
513,Teresa,Lawson,tlawsone8@smh.com.au,Sri Lanka,143.149.137.192
514,Ruth,Tucker,rtuckere9@youku.com,Russia,132.19.160.20
515,Brandon,Cooper,bcooperea@nps.gov,Kazakhstan,111.180.10.147
516,Kevin,Perry,kperryeb@dot.gov,Poland,174.237.218.182
517,Louis,Watkins,lwatkinsec@apple.com,Philippines,44.228.142.255
518,Douglas,Cruz,dcruzed@icq.com,United States,133.234.164.124
519,Mildred,Nelson,mnelsonee@google.com.hk,Brazil,160.142.91.48
520,Judy,Williams,jwilliamsef@tinypic.com,Peru,165.43.19.250
521,Edward,Reed,ereedeg@vinaora.com,Czech Republic,90.251.206.226
522,Debra,Harvey,dharveyeh@163.com,Germany,207.113.134.34
523,Shirley,Perez,sperezei@is.gd,Nigeria,60.178.13.113
524,Dorothy,Willis,dwillisej@twitter.com,Poland,205.159.240.156
525,Andrew,Cunningham,acunninghamek@merriam-webster.com,Russia,102.15.122.201
526,Julia,Collins,jcollinsel@hugedomains.com,Serbia,149.17.21.244
527,Steven,Thompson,sthompsonem@ftc.gov,Poland,33.212.111.151
528,Deborah,Williams,dwilliamsen@nih.gov,Syria,89.217.130.81
529,Jeremy,Cooper,jcoopereo@wikipedia.org,Ukraine,203.77.89.169
530,Henry,Price,hpriceep@hibu.com,Thailand,242.141.109.132
531,Alice,Riley,arileyeq@icq.com,Vietnam,209.107.167.159
532,Ronald,Hayes,rhayeser@gnu.org,Somalia,196.138.203.207
533,Raymond,Howell,rhowelles@angelfire.com,Russia,203.170.87.197
534,Norma,Arnold,narnoldet@blogger.com,Finland,29.119.51.43
535,Betty,Reynolds,breynoldseu@spotify.com,Indonesia,113.27.206.179
536,Stephen,Long,slongev@free.fr,Tunisia,2.51.30.222
537,Kathy,Kelley,kkelleyew@cnbc.com,South Africa,147.227.136.80
538,Joyce,Arnold,jarnoldex@friendfeed.com,Russia,77.228.251.77
539,Michael,Edwards,medwardsey@google.com.au,Portugal,99.131.249.65
540,Robert,Hanson,rhansonez@telegraph.co.uk,Iran,204.27.121.176
541,John,Evans,jevansf0@i2i.jp,Canada,241.95.50.157
542,Diana,Austin,daustinf1@rambler.ru,Albania,219.63.144.254
543,Benjamin,Ross,brossf2@g.co,Sweden,85.20.85.237
544,Jane,Vasquez,jvasquezf3@blinklist.com,Russia,44.243.241.198
545,Edward,Harris,eharrisf4@hc360.com,Indonesia,126.87.97.110
546,Andrea,Bailey,abaileyf5@wufoo.com,Russia,221.61.194.69
547,Laura,Hayes,lhayesf6@unc.edu,China,253.91.36.169
548,Alan,Gardner,agardnerf7@eepurl.com,United States,199.0.138.248
549,Harold,Frazier,hfrazierf8@cdc.gov,Indonesia,113.68.152.149
550,Louis,Fernandez,lfernandezf9@google.co.uk,France,82.198.177.222
551,Tina,Sullivan,tsullivanfa@altervista.org,Sweden,148.242.155.77
552,Kathryn,Griffin,kgriffinfb@chron.com,Uganda,96.140.74.231
553,Wanda,Hill,whillfc@symantec.com,El Salvador,104.22.110.11
554,Tammy,Collins,tcollinsfd@tripod.com,China,89.204.188.116
555,Mildred,Simpson,msimpsonfe@hatena.ne.jp,Angola,15.209.220.120
556,Jane,Garcia,jgarciaff@exblog.jp,China,205.79.23.207
557,Harry,Perry,hperryfg@joomla.org,Sweden,144.156.77.171
558,Earl,Burton,eburtonfh@cnbc.com,India,222.254.91.105
559,Walter,Kim,wkimfi@wisc.edu,Indonesia,61.86.159.153
560,Juan,Hall,jhallfj@techcrunch.com,Panama,64.18.219.237
561,Wayne,Arnold,warnoldfk@qq.com,Greece,122.25.133.109
562,Joan,Bailey,jbaileyfl@nationalgeographic.com,China,67.182.75.60
563,Carol,Henry,chenryfm@sitemeter.com,United States,253.138.75.235
564,Jean,Rodriguez,jrodriguezfn@blogspot.com,Philippines,203.53.241.137
565,Billy,Williams,bwilliamsfo@sina.com.cn,Peru,24.213.203.8
566,Roger,Burton,rburtonfp@tinypic.com,Indonesia,94.149.249.220
567,Sara,Fuller,sfullerfq@yahoo.co.jp,Czech Republic,74.130.212.181
568,Kenneth,Little,klittlefr@guardian.co.uk,Georgia,209.193.202.59
569,Patricia,Cruz,pcruzfs@elpais.com,Greece,199.0.131.237
570,Sharon,Sims,ssimsft@i2i.jp,Sweden,42.174.213.161
571,Gregory,Montgomery,gmontgomeryfu@qq.com,Indonesia,177.21.162.195
572,James,Snyder,jsnyderfv@ask.com,Sweden,214.45.40.185
573,Daniel,Reed,dreedfw@aboutads.info,Denmark,225.213.161.109
574,Sarah,Castillo,scastillofx@house.gov,Ukraine,248.161.253.192
575,Jeremy,Peterson,jpetersonfy@mtv.com,Russia,28.211.74.163
576,Linda,Mitchell,lmitchellfz@addtoany.com,Serbia,9.226.3.251
577,Roy,Adams,radamsg0@uol.com.br,Japan,78.252.38.141
578,Douglas,Cooper,dcooperg1@cdc.gov,Honduras,50.191.104.96
579,Harold,Nguyen,hnguyeng2@nba.com,China,168.41.76.132
580,Samuel,Graham,sgrahamg3@cloudflare.com,Philippines,8.33.214.152
581,Antonio,Cunningham,acunninghamg4@list-manage.com,Russia,7.71.23.109
582,Teresa,Fields,tfieldsg5@facebook.com,Norway,241.14.209.229
583,Roger,Jacobs,rjacobsg6@npr.org,United States,5.200.0.76
584,Alice,Gardner,agardnerg7@google.ca,Tanzania,154.59.210.235
585,Christopher,Murphy,cmurphyg8@bbc.co.uk,Mexico,157.172.154.84
586,Diana,Wilson,dwilsong9@shop-pro.jp,Poland,45.47.109.99
587,Thomas,Perkins,tperkinsga@globo.com,Serbia,197.144.46.47
588,Kelly,Holmes,kholmesgb@phpbb.com,Japan,221.71.237.249
589,Justin,Phillips,jphillipsgc@psu.edu,Portugal,163.138.122.7
590,Kenneth,Willis,kwillisgd@opera.com,Tunisia,198.90.40.86
591,Gloria,Rivera,griverage@bloglovin.com,Indonesia,75.159.126.15
592,Evelyn,Hunter,ehuntergf@boston.com,Greece,253.103.33.148
593,George,Williams,gwilliamsgg@omniture.com,Iran,126.188.246.242
594,Mary,Torres,mtorresgh@eepurl.com,Brazil,141.232.204.205
595,Johnny,Riley,jrileygi@engadget.com,Peru,149.102.1.60
596,Brenda,Franklin,bfranklingj@oaic.gov.au,China,231.134.186.56
597,Ashley,Foster,afostergk@meetup.com,Russia,74.227.79.239
598,Christina,Evans,cevansgl@odnoklassniki.ru,Vietnam,179.176.74.8
599,Donna,Meyer,dmeyergm@admin.ch,China,88.215.189.255
600,Daniel,Franklin,dfranklingn@wiley.com,Venezuela,89.43.222.192
601,Dorothy,Adams,dadamsgo@cafepress.com,Chile,147.32.183.250
602,Elizabeth,Kim,ekimgp@europa.eu,China,108.104.8.55
603,Fred,Banks,fbanksgq@photobucket.com,China,86.250.209.107
604,Jesse,Banks,jbanksgr@epa.gov,Greece,148.131.1.217
605,Randy,Wilson,rwilsongs@naver.com,Russia,68.55.83.37
606,Martha,Rivera,mriveragt@skyrock.com,South Africa,34.25.7.57
607,Craig,Fernandez,cfernandezgu@amazon.co.jp,Brazil,173.198.251.174
608,Kathy,Carr,kcarrgv@sogou.com,France,236.165.27.32
609,Patrick,Little,plittlegw@dion.ne.jp,Indonesia,154.88.2.168
610,Michael,Gonzales,mgonzalesgx@yale.edu,Gambia,89.129.158.193
611,Robin,Ellis,rellisgy@jiathis.com,China,190.185.53.175
612,Timothy,Wallace,twallacegz@wiley.com,Serbia,204.200.205.83
613,Raymond,Mason,rmasonh0@wix.com,Philippines,79.99.18.34
614,Alice,Taylor,ataylorh1@nytimes.com,Indonesia,83.109.114.29
615,Benjamin,Hanson,bhansonh2@deviantart.com,Russia,253.242.121.8
616,Paula,Foster,pfosterh3@flickr.com,Russia,129.81.61.110
617,Charles,Morales,cmoralesh4@multiply.com,China,212.198.24.249
618,Tammy,Wallace,twallaceh5@sohu.com,Nigeria,68.79.179.53
619,Jeffrey,Wood,jwoodh6@bloomberg.com,Indonesia,203.224.255.56
620,Christine,Mcdonald,cmcdonaldh7@wisc.edu,Japan,85.47.210.189
621,Jennifer,Frazier,jfrazierh8@state.tx.us,Mexico,77.197.222.86
622,Deborah,Jones,djonesh9@csmonitor.com,United Kingdom,95.81.189.2
623,Julie,Hernandez,jhernandezha@nationalgeographic.com,Russia,211.21.166.161
624,Eric,Lane,elanehb@china.com.cn,Philippines,216.116.118.41
625,Brandon,Fowler,bfowlerhc@com.com,France,123.28.118.87
626,Howard,Webb,hwebbhd@boston.com,Egypt,196.190.104.189
627,Carlos,Ray,crayhe@dyndns.org,South Africa,77.109.175.170
628,Bobby,Harvey,bharveyhf@slate.com,China,250.137.114.99
629,Susan,Torres,storreshg@shutterfly.com,Brazil,89.242.234.50
630,Teresa,Mendoza,tmendozahh@twitter.com,Pakistan,235.250.230.248
631,Jesse,Mcdonald,jmcdonaldhi@gov.uk,Brazil,192.244.231.169
632,Ruth,Reed,rreedhj@barnesandnoble.com,Afghanistan,68.249.195.185
633,Janice,Rivera,jriverahk@t-online.de,Czech Republic,113.202.125.163
634,Katherine,Powell,kpowellhl@skype.com,Ukraine,70.97.108.94
635,Ruby,Harris,rharrishm@devhub.com,Mongolia,50.228.99.173
636,Amy,Brown,abrownhn@newsvine.com,Russia,128.74.251.154
637,Anthony,Webb,awebbho@amazon.co.uk,Sweden,204.174.63.188
638,Margaret,Garrett,mgarretthp@ucsd.edu,China,154.136.129.42
639,Andrew,Edwards,aedwardshq@chron.com,China,118.140.97.123
640,Earl,Dean,edeanhr@nps.gov,China,16.182.13.236
641,Jeffrey,Webb,jwebbhs@plala.or.jp,Portugal,13.31.211.99
642,Charles,Stanley,cstanleyht@nydailynews.com,Indonesia,166.135.36.112
643,Adam,Woods,awoodshu@blogger.com,Indonesia,95.56.198.210
644,Ashley,Morrison,amorrisonhv@pcworld.com,United States,6.95.163.86
645,Ann,Welch,awelchhw@theglobeandmail.com,France,245.207.111.163
646,Helen,Richards,hrichardshx@forbes.com,Portugal,158.62.103.93
647,Bruce,Chavez,bchavezhy@unicef.org,Russia,173.3.200.170
648,Juan,Hayes,jhayeshz@devhub.com,China,202.2.238.222
649,Roger,Pierce,rpiercei0@epa.gov,Indonesia,236.148.117.180
650,Debra,Matthews,dmatthewsi1@is.gd,China,206.107.54.221
651,Tina,Riley,trileyi2@flavors.me,Ethiopia,251.163.33.251
652,Wanda,Black,wblacki3@hp.com,Poland,176.152.32.138
653,Nancy,Duncan,nduncani4@last.fm,Bolivia,72.92.135.239
654,Jeffrey,Porter,jporteri5@istockphoto.com,China,163.132.255.53
655,Gregory,Howard,ghowardi6@vk.com,Indonesia,33.131.54.55
656,Heather,Cole,hcolei7@army.mil,Japan,248.185.39.11
657,Aaron,Gordon,agordoni8@pcworld.com,Norway,0.32.189.168
658,Frances,Jacobs,fjacobsi9@economist.com,Indonesia,33.36.234.175
659,Kathryn,Mccoy,kmccoyia@pbs.org,Philippines,218.74.20.94
660,Margaret,Alvarez,malvarezib@princeton.edu,China,112.59.32.198
661,Catherine,Fisher,cfisheric@amazon.co.jp,Colombia,214.40.1.104
662,Andrea,Hansen,ahansenid@shop-pro.jp,Nigeria,19.164.236.174
663,Kenneth,Fox,kfoxie@technorati.com,Argentina,206.69.19.123
664,Joseph,Weaver,jweaverif@seattletimes.com,Peru,188.122.25.185
665,Bobby,Rivera,briveraig@flavors.me,Indonesia,156.128.211.172
666,David,Owens,dowensih@deliciousdays.com,Peru,210.79.215.7
667,Denise,Washington,dwashingtonii@ning.com,Philippines,14.113.71.239
668,Alice,Perkins,aperkinsij@army.mil,Poland,147.175.158.131
669,Martha,Diaz,mdiazik@google.ru,Indonesia,198.56.131.147
670,Paula,Armstrong,parmstrongil@cafepress.com,Indonesia,80.27.48.127
671,Jeffrey,Jenkins,jjenkinsim@nytimes.com,Indonesia,124.130.139.11
672,Walter,Palmer,wpalmerin@ft.com,Bosnia and Herzegovina,225.11.174.104
673,Martha,Burke,mburkeio@amazon.co.uk,Guatemala,204.23.129.253
674,Jose,Clark,jclarkip@pagesperso-orange.fr,France,37.202.152.238
675,Mildred,Mitchell,mmitchelliq@dyndns.org,China,255.194.94.111
676,Emily,Johnson,ejohnsonir@salon.com,Philippines,29.130.125.136
677,Christopher,Cook,ccookis@purevolume.com,Pakistan,158.110.44.19
678,Sarah,James,sjamesit@about.com,Brazil,111.149.92.159
679,Frank,Nelson,fnelsoniu@ox.ac.uk,Portugal,163.165.14.181
680,Jack,Turner,jturneriv@army.mil,China,84.227.71.25
681,Joyce,Harris,jharrisiw@naver.com,China,15.145.232.213
682,Gloria,Baker,gbakerix@behance.net,Vietnam,163.182.33.180
683,Terry,Hansen,thanseniy@adobe.com,Colombia,90.171.138.98
684,Jerry,Brooks,jbrooksiz@usgs.gov,Ukraine,219.229.73.116
685,Kevin,Riley,krileyj0@zdnet.com,Indonesia,141.172.97.78
686,Gloria,Henderson,ghendersonj1@businessinsider.com,Brazil,230.7.46.197
687,Samuel,Fields,sfieldsj2@rambler.ru,China,126.178.138.38
688,Benjamin,Campbell,bcampbellj3@nature.com,Finland,215.250.239.254
689,Robert,Kelley,rkelleyj4@freewebs.com,Thailand,125.250.171.45
690,Theresa,Perez,tperezj5@merriam-webster.com,France,247.132.7.51
691,Annie,Lane,alanej6@narod.ru,Brazil,40.177.85.145
692,Douglas,Mitchell,dmitchellj7@bloglovin.com,Portugal,182.246.147.253
693,Raymond,Owens,rowensj8@house.gov,United States,75.88.176.132
694,Brenda,Williams,bwilliamsj9@google.ru,China,102.249.42.96
695,Brandon,Fields,bfieldsja@discovery.com,Sudan,247.108.245.181
696,Brenda,Rose,brosejb@behance.net,Ukraine,125.38.145.79
697,Sara,Grant,sgrantjc@imgur.com,Japan,39.208.131.115
698,Judith,Ellis,jellisjd@cmu.edu,Portugal,167.12.57.136
699,Willie,Stewart,wstewartje@creativecommons.org,Mexico,101.178.185.141
700,Anne,Andrews,aandrewsjf@earthlink.net,Philippines,150.38.199.215
701,Harold,Jacobs,hjacobsjg@wikipedia.org,China,116.219.104.132
702,Irene,Richards,irichardsjh@joomla.org,Brazil,145.166.12.12
703,Wayne,Cox,wcoxji@merriam-webster.com,Poland,242.92.10.60
704,James,Jones,jjonesjj@shutterfly.com,Netherlands,175.76.247.219
705,Joseph,Watkins,jwatkinsjk@home.pl,United States,68.57.167.85
706,Beverly,Frazier,bfrazierjl@google.co.jp,Portugal,50.160.226.132
707,Philip,Willis,pwillisjm@sakura.ne.jp,China,244.49.79.54
708,Mildred,Washington,mwashingtonjn@spotify.com,China,43.21.193.30
709,Denise,Gonzales,dgonzalesjo@csmonitor.com,Iran,75.191.36.243
710,Steven,Kennedy,skennedyjp@biblegateway.com,Argentina,103.184.158.158
711,Dorothy,Little,dlittlejq@mail.ru,China,186.217.224.39
712,Jonathan,Schmidt,jschmidtjr@narod.ru,Brazil,211.107.6.139
713,Ryan,Gonzalez,rgonzalezjs@yale.edu,Belarus,75.14.186.105
714,Paula,Henry,phenryjt@arizona.edu,Czech Republic,79.140.255.103
715,David,Owens,dowensju@nhs.uk,Poland,113.127.229.1
716,Susan,Adams,sadamsjv@spotify.com,Colombia,210.84.95.44
717,Ronald,Lawrence,rlawrencejw@bloglines.com,Peru,247.111.91.186
718,Billy,Sims,bsimsjx@hibu.com,China,163.222.129.197
719,Irene,Burke,iburkejy@mit.edu,Indonesia,72.141.212.199
720,Billy,Snyder,bsnyderjz@java.com,China,239.53.53.46
721,Rose,Harris,rharrisk0@epa.gov,Czech Republic,93.7.40.200
722,Dorothy,Owens,dowensk1@nytimes.com,Slovenia,47.159.255.47
723,James,Palmer,jpalmerk2@typepad.com,South Africa,160.231.11.114
724,Nicholas,Payne,npaynek3@hud.gov,Russia,152.200.174.195
725,Kenneth,Dean,kdeank4@flickr.com,China,53.34.225.27
726,Timothy,Jacobs,tjacobsk5@nymag.com,Philippines,181.38.68.187
727,Stephanie,Sullivan,ssullivank6@sina.com.cn,Russia,52.133.109.1
728,Theresa,Edwards,tedwardsk7@t.co,Portugal,121.171.9.205
729,Sarah,Boyd,sboydk8@xinhuanet.com,France,162.119.21.185
730,Paula,Bell,pbellk9@gov.uk,China,155.237.216.150
731,Tina,Carpenter,tcarpenterka@google.ru,New Zealand,144.22.4.80
732,Susan,Palmer,spalmerkb@apache.org,Latvia,3.231.249.225
733,Jeremy,Gomez,jgomezkc@quantcast.com,Poland,217.58.243.188
734,Jack,Franklin,jfranklinkd@home.pl,China,41.208.1.137
735,Betty,Mills,bmillske@apache.org,Sweden,217.57.217.27
736,Bonnie,Matthews,bmatthewskf@bandcamp.com,Central African Republic,15.6.127.56
737,Rachel,Hill,rhillkg@state.gov,South Korea,135.180.208.175
738,Rachel,Barnes,rbarneskh@economist.com,China,184.22.110.48
739,Johnny,Murphy,jmurphyki@godaddy.com,China,126.196.166.198
740,Philip,Howard,phowardkj@flavors.me,Russia,152.121.15.11
741,Barbara,Price,bpricekk@dion.ne.jp,Thailand,235.187.211.172
742,Christina,Foster,cfosterkl@ucsd.edu,Vietnam,32.116.132.31
743,Janice,King,jkingkm@sciencedaily.com,Japan,88.41.184.136
744,Susan,Alvarez,salvarezkn@go.com,Philippines,14.1.109.86
745,Jennifer,Powell,jpowellko@163.com,Japan,58.135.54.79
746,Edward,Ross,erosskp@uiuc.edu,Nigeria,120.242.138.139
747,Theresa,Carroll,tcarrollkq@dedecms.com,Sweden,201.3.24.249
748,Mary,Thomas,mthomaskr@privacy.gov.au,Croatia,70.54.77.247
749,Edward,Murphy,emurphyks@wufoo.com,China,114.142.122.193
750,Alice,Boyd,aboydkt@e-recht24.de,Poland,149.226.57.25
751,Daniel,Griffin,dgriffinku@hexun.com,China,87.228.60.220
752,Laura,Andrews,landrewskv@soundcloud.com,United States,241.54.128.142
753,Randy,Ryan,rryankw@simplemachines.org,China,240.84.50.6
754,Bobby,Bryant,bbryantkx@pinterest.com,Mongolia,123.167.240.203
755,Christine,Riley,crileyky@purevolume.com,Indonesia,83.87.99.254
756,Amy,Spencer,aspencerkz@google.es,China,233.117.115.201
757,Jean,Freeman,jfreemanl0@state.gov,Indonesia,73.239.47.162
758,Nancy,Wells,nwellsl1@scribd.com,China,248.96.228.151
759,Karen,Cruz,kcruzl2@sourceforge.net,China,10.223.16.216
760,Kathy,Williams,kwilliamsl3@sun.com,Poland,32.248.253.241
761,Alan,Reed,areedl4@gravatar.com,Russia,153.248.224.0
762,Chris,Green,cgreenl5@arizona.edu,Chile,225.15.217.83
763,Lawrence,Scott,lscottl6@businessweek.com,Cuba,113.35.47.155
764,Virginia,Jacobs,vjacobsl7@ocn.ne.jp,Indonesia,166.251.194.144
765,Lisa,Johnston,ljohnstonl8@auda.org.au,Russia,171.90.111.235
766,Peter,Perry,pperryl9@dot.gov,China,134.47.225.166
767,Ryan,Hanson,rhansonla@ca.gov,Philippines,106.184.81.239
768,Eugene,Cunningham,ecunninghamlb@i2i.jp,China,175.197.218.22
769,Martin,Mitchell,mmitchelllc@goo.ne.jp,Indonesia,147.188.160.78
770,Randy,Fisher,rfisherld@alexa.com,Indonesia,13.20.161.26
771,Thomas,Gardner,tgardnerle@reverbnation.com,Philippines,34.71.127.35
772,Tina,Duncan,tduncanlf@fotki.com,United States,69.152.211.11
773,Fred,Thomas,fthomaslg@hubpages.com,Afghanistan,52.56.81.61
774,Patricia,Nelson,pnelsonlh@posterous.com,Indonesia,98.192.201.195
775,Janice,Reed,jreedli@mashable.com,Poland,153.203.186.160
776,Margaret,Sullivan,msullivanlj@eventbrite.com,China,182.68.215.66
777,Julia,Richardson,jrichardsonlk@digg.com,Syria,6.245.215.106
778,Jeffrey,Woods,jwoodsll@phoca.cz,Afghanistan,22.217.227.178
779,Jose,Gutierrez,jgutierrezlm@cdc.gov,Finland,240.60.19.14
780,Mildred,Howell,mhowellln@spotify.com,Sweden,48.61.214.109
781,Lillian,Mills,lmillslo@printfriendly.com,China,219.176.59.17
782,Timothy,Myers,tmyerslp@eventbrite.com,Brazil,180.120.91.34
783,Christine,Medina,cmedinalq@berkeley.edu,Pakistan,7.179.91.142
784,Andrea,Bradley,abradleylr@webnode.com,Bolivia,135.243.131.195
785,Lori,Hill,lhillls@photobucket.com,China,8.237.142.31
786,Rachel,Bailey,rbaileylt@paginegialle.it,Poland,60.123.65.217
787,Norma,Bell,nbelllu@va.gov,Indonesia,184.15.110.162
788,Christina,Young,cyounglv@joomla.org,Pakistan,22.24.198.16
789,Louis,Chavez,lchavezlw@shinystat.com,Armenia,185.182.68.253
790,Frank,Larson,flarsonlx@soundcloud.com,Indonesia,2.167.251.251
791,Brandon,Lee,bleely@smugmug.com,Indonesia,122.32.179.50
792,Julie,Frazier,jfrazierlz@ftc.gov,Indonesia,3.250.77.234
793,Jean,Mcdonald,jmcdonaldm0@usnews.com,Colombia,221.253.89.171
794,Anthony,Hall,ahallm1@unicef.org,Canada,127.168.26.136
795,Frank,Murphy,fmurphym2@state.gov,Czech Republic,116.171.139.114
796,Arthur,Turner,aturnerm3@homestead.com,Canada,207.169.44.233
797,Ernest,Reed,ereedm4@army.mil,Indonesia,123.10.250.144
798,Martha,Vasquez,mvasquezm5@sourceforge.net,Brazil,125.145.106.182
799,Jack,Ryan,jryanm6@hibu.com,Indonesia,184.57.157.40
800,Arthur,Larson,alarsonm7@ted.com,Poland,136.235.75.62
801,Judith,Porter,jporterm8@senate.gov,Malaysia,70.34.72.30
802,Melissa,Morris,mmorrism9@accuweather.com,China,239.183.66.55
803,Pamela,Allen,pallenma@meetup.com,Kenya,137.59.248.104
804,Christine,Day,cdaymb@example.com,Guinea,22.82.48.207
805,Todd,Campbell,tcampbellmc@cyberchimps.com,Colombia,23.36.135.249
806,Margaret,Reid,mreidmd@squidoo.com,Honduras,112.94.178.10
807,Brian,Reynolds,breynoldsme@arstechnica.com,Chile,209.249.207.29
808,Kelly,Mills,kmillsmf@census.gov,Trinidad and Tobago,198.134.227.245
809,Eric,Andrews,eandrewsmg@princeton.edu,China,252.76.61.147
810,Kimberly,Robinson,krobinsonmh@tinyurl.com,San Marino,217.68.100.2
811,Justin,Crawford,jcrawfordmi@arstechnica.com,Luxembourg,86.94.213.207
812,Beverly,Johnston,bjohnstonmj@issuu.com,Poland,118.7.169.134
813,Wanda,Day,wdaymk@discuz.net,Poland,16.159.53.69
814,Todd,Payne,tpayneml@google.ru,Norway,173.206.195.88
815,Samuel,Martinez,smartinezmm@businesswire.com,China,103.235.234.196
816,Lillian,Snyder,lsnydermn@hugedomains.com,Philippines,233.138.245.55
817,Jerry,Webb,jwebbmo@howstuffworks.com,Portugal,44.30.97.24
818,Mary,Castillo,mcastillomp@dell.com,Luxembourg,120.203.175.160
819,Rachel,Stanley,rstanleymq@123-reg.co.uk,China,199.145.206.234
820,Timothy,Brown,tbrownmr@webeden.co.uk,Japan,78.49.182.151
821,Thomas,Graham,tgrahamms@bing.com,China,133.253.206.192
822,Ruby,Cooper,rcoopermt@hibu.com,Portugal,193.164.161.82
823,Diane,Clark,dclarkmu@hostgator.com,Portugal,216.199.122.90
824,Juan,Alvarez,jalvarezmv@businessinsider.com,Ukraine,37.162.120.154
825,Lisa,Cruz,lcruzmw@stumbleupon.com,Egypt,220.164.84.81
826,Jacqueline,Hunt,jhuntmx@networkadvertising.org,United States,102.162.128.126
827,Kelly,Reyes,kreyesmy@seesaa.net,Poland,54.27.60.185
828,Jennifer,Patterson,jpattersonmz@odnoklassniki.ru,China,131.196.144.72
829,Aaron,Lane,alanen0@fotki.com,China,31.166.115.71
830,Nancy,Adams,nadamsn1@wp.com,Mauritius,205.56.255.55
831,Howard,Snyder,hsnydern2@cpanel.net,Indonesia,134.169.203.234
832,Roy,Ellis,rellisn3@de.vu,Belarus,118.61.49.26
833,Edward,Nguyen,enguyenn4@about.me,China,208.83.104.247
834,Billy,Pierce,bpiercen5@answers.com,Indonesia,143.19.188.131
835,Harry,Hart,hhartn6@time.com,China,145.185.141.178
836,Roy,Jenkins,rjenkinsn7@moonfruit.com,Canada,94.121.56.83
837,Irene,Rodriguez,irodriguezn8@multiply.com,Morocco,210.67.110.9
838,Russell,Jordan,rjordann9@zimbio.com,United States,65.190.218.207
839,Melissa,Simpson,msimpsonna@google.ru,Nicaragua,115.8.156.40
840,Frank,Schmidt,fschmidtnb@gizmodo.com,Indonesia,249.14.226.183
841,Philip,Thompson,pthompsonnc@google.com.hk,Indonesia,2.132.21.199
842,Alice,Payne,apaynend@miibeian.gov.cn,South Africa,204.252.176.8
843,Harold,Owens,howensne@wikimedia.org,Russia,130.254.227.89
844,Andrew,Bradley,abradleynf@gizmodo.com,Indonesia,253.56.154.121
845,Nicholas,Palmer,npalmerng@google.co.uk,Libya,79.233.164.75
846,Stephen,Matthews,smatthewsnh@biblegateway.com,France,105.142.111.38
847,Ashley,Cruz,acruzni@constantcontact.com,Philippines,215.179.64.43
848,Scott,Morris,smorrisnj@buzzfeed.com,Estonia,222.54.14.118
849,Sandra,Alexander,salexandernk@amazonaws.com,Nigeria,161.115.10.90
850,Linda,Myers,lmyersnl@irs.gov,China,180.169.242.27
851,Cynthia,George,cgeorgenm@phpbb.com,Switzerland,207.0.60.40
852,Bruce,Garza,bgarzann@engadget.com,Egypt,55.6.213.42
853,Peter,Campbell,pcampbellno@indiatimes.com,China,244.153.240.58
854,Norma,Ramirez,nramireznp@paginegialle.it,Russia,239.129.107.249
855,Bruce,Graham,bgrahamnq@wikia.com,Yemen,217.190.234.16
856,Michelle,Martin,mmartinnr@ted.com,China,13.67.119.255
857,Kathleen,Howell,khowellns@techcrunch.com,China,115.231.130.64
858,Richard,Wagner,rwagnernt@upenn.edu,Japan,47.59.194.211
859,Pamela,Morales,pmoralesnu@wsj.com,Colombia,101.107.232.64
860,Randy,Foster,rfosternv@alibaba.com,Indonesia,94.171.150.115
861,Sharon,Oliver,solivernw@weebly.com,Czech Republic,234.158.115.12
862,Eric,Mason,emasonnx@techcrunch.com,Egypt,191.83.120.130
863,Ann,Carroll,acarrollny@nymag.com,China,199.173.21.24
864,Harold,Bowman,hbowmannz@typepad.com,Portugal,56.186.13.81
865,Stephanie,Young,syoungo0@bigcartel.com,Indonesia,102.150.20.210
866,Roy,Walker,rwalkero1@reverbnation.com,Ireland,105.115.224.177
867,Adam,Reyes,areyeso2@samsung.com,Greece,70.0.44.79
868,Anthony,Burns,aburnso3@goo.ne.jp,Russia,243.48.30.31
869,Barbara,Hanson,bhansono4@mediafire.com,France,94.38.112.53
870,Dennis,Graham,dgrahamo5@nifty.com,Russia,102.190.169.144
871,Earl,Harper,eharpero6@ucla.edu,Pakistan,34.2.117.117
872,Anthony,Evans,aevanso7@tumblr.com,Pakistan,112.95.121.71
873,Larry,Tucker,ltuckero8@archive.org,Netherlands,48.222.2.24
874,Kathy,Williams,kwilliamso9@goodreads.com,Czech Republic,6.44.196.62
875,Margaret,Larson,mlarsonoa@shareasale.com,South Africa,145.245.64.3
876,Denise,Rivera,driveraob@ucla.edu,Nigeria,33.233.19.5
877,Jeffrey,Cole,jcoleoc@salon.com,China,124.244.46.175
878,Robert,Carroll,rcarrollod@csmonitor.com,Qatar,229.19.76.84
879,Sandra,Harris,sharrisoe@hatena.ne.jp,Tunisia,71.46.126.188
880,Brenda,Rice,briceof@ezinearticles.com,Denmark,232.129.191.188
881,Phyllis,Hamilton,phamiltonog@hud.gov,Germany,166.5.13.135
882,Clarence,Wood,cwoodoh@tamu.edu,Sweden,133.233.67.31
883,Jerry,Martin,jmartinoi@networksolutions.com,Indonesia,239.91.135.153
884,Bonnie,Morgan,bmorganoj@ucoz.ru,Indonesia,86.200.194.75
885,Jimmy,Gray,jgrayok@netscape.com,Azerbaijan,172.140.246.145
886,Ralph,Porter,rporterol@google.fr,Indonesia,32.55.210.193
887,Walter,Jones,wjonesom@bbc.co.uk,United States,10.20.122.66
888,Lawrence,Rogers,lrogerson@webmd.com,Indonesia,49.127.99.121
889,Jack,Evans,jevansoo@ifeng.com,China,186.149.245.46
890,Annie,Kim,akimop@issuu.com,Poland,132.107.31.226
891,Edward,Kelly,ekellyoq@vkontakte.ru,South Korea,182.54.17.87
892,Kelly,Reynolds,kreynoldsor@hp.com,Philippines,238.171.140.8
893,Kelly,Carpenter,kcarpenteros@scribd.com,Brazil,220.112.119.28
894,Christina,Stone,cstoneot@cdc.gov,Ukraine,77.212.202.147
895,Johnny,Chavez,jchavezou@apple.com,Brazil,138.63.222.100
896,Adam,Ross,arossov@virginia.edu,Portugal,143.85.234.23
897,Ruby,Flores,rfloresow@php.net,Japan,230.27.191.75
898,Billy,Collins,bcollinsox@simplemachines.org,Kazakhstan,70.199.157.51
899,Mildred,Daniels,mdanielsoy@ebay.co.uk,Brazil,157.203.5.135
900,Ernest,Dunn,edunnoz@ucoz.ru,Mexico,235.208.73.2
901,Marie,Richardson,mrichardsonp0@timesonline.co.uk,Argentina,231.245.82.42
902,Louise,Adams,ladamsp1@blog.com,Philippines,173.253.101.64
903,Billy,Burns,bburnsp2@state.tx.us,Russia,106.145.76.19
904,Melissa,Brooks,mbrooksp3@seesaa.net,Afghanistan,124.54.98.40
905,Judy,Alvarez,jalvarezp4@si.edu,Serbia,153.209.56.136
906,Emily,Matthews,ematthewsp5@whitehouse.gov,Poland,124.162.134.93
907,Bonnie,Bell,bbellp6@apache.org,Czech Republic,83.36.222.192
908,Diana,Arnold,darnoldp7@barnesandnoble.com,Brazil,39.238.16.201
909,Jennifer,Harrison,jharrisonp8@slashdot.org,Guatemala,161.11.20.75
910,Amy,Morris,amorrisp9@accuweather.com,Philippines,142.164.175.46
911,Kathy,Rivera,kriverapa@digg.com,Moldova,25.139.225.74
912,Louise,Hunter,lhunterpb@who.int,China,73.61.10.251
913,Norma,Kelley,nkelleypc@qq.com,Canada,225.183.211.126
914,Karen,Gilbert,kgilbertpd@squarespace.com,Angola,105.157.216.58
915,Joshua,Fox,jfoxpe@ezinearticles.com,Vietnam,183.114.202.220
916,Nancy,Cook,ncookpf@ucoz.ru,Sweden,45.194.253.97
917,Timothy,Reid,treidpg@arizona.edu,Colombia,95.48.223.222
918,Patricia,Boyd,pboydph@bandcamp.com,Russia,227.15.49.233
919,Harry,Jenkins,hjenkinspi@amazon.co.jp,Panama,237.52.22.147
920,Linda,Lane,llanepj@reference.com,Russia,94.9.46.169
921,Ruby,Hernandez,rhernandezpk@scientificamerican.com,China,110.66.13.47
922,Jose,Cole,jcolepl@meetup.com,Portugal,18.219.194.233
923,Heather,Dixon,hdixonpm@acquirethisname.com,Russia,14.207.202.164
924,Howard,Vasquez,hvasquezpn@shinystat.com,Hungary,120.8.225.146
925,Sandra,Powell,spowellpo@hubpages.com,China,219.217.169.178
926,Charles,Johnson,cjohnsonpp@xing.com,Philippines,79.12.118.64
927,Doris,Rose,drosepq@bluehost.com,Mauritius,182.64.15.5
928,Gloria,Hudson,ghudsonpr@irs.gov,Indonesia,188.18.3.173
929,Robert,Flores,rfloresps@msu.edu,Sweden,209.151.138.168
930,Doris,Knight,dknightpt@prlog.org,United States,107.212.48.214
931,Ernest,Turner,eturnerpu@abc.net.au,Honduras,211.51.224.164
932,Roger,Morrison,rmorrisonpv@wikispaces.com,China,57.209.43.118
933,Adam,Mendoza,amendozapw@yahoo.co.jp,Malaysia,106.216.156.244
934,Wayne,Carroll,wcarrollpx@wikia.com,Mexico,241.222.45.62
935,Peter,Fowler,pfowlerpy@fda.gov,Philippines,214.126.68.98
936,Scott,Woods,swoodspz@clickbank.net,China,205.43.219.51
937,Norma,Warren,nwarrenq0@npr.org,China,141.96.39.104
938,Shawn,George,sgeorgeq1@cornell.edu,Indonesia,240.162.150.48
939,Gloria,Duncan,gduncanq2@ovh.net,China,131.214.25.96
940,Alan,Johnston,ajohnstonq3@cdbaby.com,Montenegro,49.63.35.9
941,Eugene,Bailey,ebaileyq4@ft.com,Russia,205.111.239.115
942,Catherine,Ferguson,cfergusonq5@shutterfly.com,Japan,45.112.149.91
943,Bonnie,Hayes,bhayesq6@t-online.de,Czech Republic,82.117.103.116
944,Anthony,Davis,adavisq7@imgur.com,Brazil,32.40.12.39
945,Joan,Lopez,jlopezq8@wikimedia.org,China,9.235.206.196
946,Alan,Fuller,afullerq9@arizona.edu,Greece,87.46.64.222
947,Benjamin,Holmes,bholmesqa@yelp.com,Jamaica,70.69.33.247
948,Marie,Daniels,mdanielsqb@google.it,United States,51.125.23.216
949,Louis,Armstrong,larmstrongqc@senate.gov,Russia,77.8.124.120
950,Julie,Hanson,jhansonqd@accuweather.com,Portugal,63.78.71.100
951,Randy,Shaw,rshawqe@howstuffworks.com,Maldives,63.65.194.64
952,Stephanie,Reynolds,sreynoldsqf@youtu.be,Angola,4.120.146.110
953,Christine,Sims,csimsqg@biblegateway.com,China,230.190.140.202
954,Paula,Brooks,pbrooksqh@webmd.com,China,156.96.2.191
955,Jose,Wright,jwrightqi@illinois.edu,Morocco,83.215.33.57
956,Joe,Peterson,jpetersonqj@cdc.gov,Zimbabwe,39.211.192.151
957,Roy,Carr,rcarrqk@devhub.com,Russia,152.162.47.131
958,Harry,Freeman,hfreemanql@nsw.gov.au,Afghanistan,32.231.48.106
959,Walter,Watkins,wwatkinsqm@archive.org,Indonesia,197.211.218.241
960,Raymond,Richards,rrichardsqn@csmonitor.com,Indonesia,202.137.123.219
961,Dennis,Turner,dturnerqo@uol.com.br,United States,22.193.196.1
962,Mildred,Richardson,mrichardsonqp@baidu.com,China,82.13.243.209
963,Julia,Armstrong,jarmstrongqq@google.de,Russia,87.87.200.216
964,Beverly,Ramirez,bramirezqr@bloglovin.com,Albania,71.196.94.239
965,Johnny,Morales,jmoralesqs@digg.com,Indonesia,95.27.197.183
966,Evelyn,Long,elongqt@europa.eu,Nigeria,104.231.148.237
967,Louis,Andrews,landrewsqu@myspace.com,Nigeria,173.210.59.215
968,Carlos,Ruiz,cruizqv@usgs.gov,Israel,213.30.139.47
969,Lori,Webb,lwebbqw@stumbleupon.com,Macedonia,3.130.78.37
970,Ryan,Castillo,rcastilloqx@cargocollective.com,Dominican Republic,150.194.85.11
971,Jack,Rose,jroseqy@abc.net.au,France,46.81.197.119
972,Charles,Coleman,ccolemanqz@house.gov,Indonesia,6.194.13.207
973,Billy,Palmer,bpalmerr0@go.com,China,40.47.31.220
974,Carolyn,Lewis,clewisr1@youtu.be,Tanzania,0.201.129.25
975,Dorothy,Nelson,dnelsonr2@economist.com,China,188.73.148.182
976,Cynthia,Wood,cwoodr3@webmd.com,Paraguay,193.53.33.183
977,Emily,Burke,eburker4@pinterest.com,China,118.171.195.12
978,Kevin,Robinson,krobinsonr5@themeforest.net,Czech Republic,190.73.15.178
979,Martin,Reid,mreidr6@pagesperso-orange.fr,Netherlands,17.170.1.197
980,Bobby,Lane,blaner7@facebook.com,Greece,142.109.210.19
981,Gary,Palmer,gpalmerr8@mozilla.org,Kazakhstan,68.220.247.83
982,Daniel,Gutierrez,dgutierrezr9@bbc.co.uk,Indonesia,233.15.62.113
983,Janice,Young,jyoungra@rediff.com,Tanzania,164.189.43.38
984,Ruby,Butler,rbutlerrb@vistaprint.com,China,170.99.14.106
985,Howard,Arnold,harnoldrc@bing.com,Norway,44.223.216.16
986,Sarah,Mills,smillsrd@hibu.com,Australia,229.20.21.28
987,Sean,Fuller,sfullerre@ibm.com,Indonesia,176.114.145.214
988,Ann,Clark,aclarkrf@ucla.edu,China,57.59.165.28
989,Judith,Hicks,jhicksrg@xinhuanet.com,Sweden,13.93.228.137
990,Terry,Ramirez,tramirezrh@narod.ru,China,237.158.159.51
991,Ann,Hunter,ahunterri@fema.gov,Greece,249.68.78.174
992,Jason,Little,jlittlerj@wix.com,Indonesia,149.250.143.66
993,Fred,West,fwestrk@nydailynews.com,Japan,57.163.155.78
994,Benjamin,Freeman,bfreemanrl@ning.com,Poland,113.40.220.232
995,Wayne,Cunningham,wcunninghamrm@ycombinator.com,Indonesia,32.254.168.58
996,Edward,Hanson,ehansonrn@infoseek.co.jp,Brazil,119.142.12.161
997,Bonnie,Little,blittlero@lulu.com,China,83.49.148.129
998,Nicholas,Holmes,nholmesrp@imgur.com,Poland,17.204.88.48
999,Anne,Stone,astonerq@friendfeed.com,Canada,14.180.199.149
1000,Joyce,Jackson,jjacksonrr@apple.com,Panama,127.189.242.168
